2016 NumNew,2016 NumOld,2017 # S1 (last yr new)?,2017 Comment,2017 Flower (y/n),2017 NumNew,2017 NumOld,2017 Stage Class,I_n,I_n_plus_1,Ind,Plot,Rep,Src,Tiller,area_n,area_n_plus_1,dataset,doy_peak_n,doy_peak_n_plus_1,id,n_leaves_n,n_leaves_n_plus_1,sum_two_longest_n,sum_two_longest_n_plus_1,survival,tillering,total_gl_peak_n,total_gl_peak_n_plus_1,year_n,year_n_plus_1,transition
2.0,0.0,0.0,loose tag,n,1.0,1.0,2.0,30.8,36.0,,,,CF,,150.9052575,176.7598262,,,,1.0,2,2,15.4,18.0,1.0,0.0,,,2016,2017,n_to_n_plus_1
3.0,0.0,3.0,,n,2.0,1.0,4.0,69.9,96.9,,,,CF,,337.8827521,456.994938,,,,2.0,3,3,23.3,32.3,1.0,0.0,,,2016,2017,n_to_n_plus_1
3.0,0.0,0.0,,n,2.0,1.0,4.0,67.5,81.9,,,,CF,,326.8995346,391.8303474,,,,3.0,3,3,22.5,27.3,1.0,0.0,,,2016,2017,n_to_n_plus_1
3.0,0.0,0.0,,n,2.0,1.0,4.0,66.9,90.0,,,,CF,,324.1436418,427.332473,,,,4.0,3,3,22.3,30.0,1.0,1.0,,,2016,2017,n_to_n_plus_1
3.0,0.0,0.0,,n,3.0,1.0,5.0,70.5,114.8,,,,CF,,340.618468,531.4573522,,,,5.0,3,4,23.5,28.7,1.0,1.0,,,2016,2017,n_to_n_plus_1
3.0,0.0,2.0,loose tag,n,3.0,1.0,5.0,75.9,134.8,,,,CF,,365.058319,610.4072178,,,,6.0,3,4,25.3,33.7,1.0,0.0,,,2016,2017,n_to_n_plus_1
2.0,0.0,0.0,,n,2.0,1.0,3.0,22.2,54.6,,,,CF,,107.4806127,266.758541,,,,7.0,2,3,11.1,18.2,1.0,1.0,,,2016,2017,n_to_n_plus_1
2.0,0.0,0.0,loose tag only 1 leaf____,n,2.0,1.0,3.0,40.8,64.5,,,,CF,,200.3565563,313.0797166,,,,8.0,2,3,20.4,21.5,1.0,0.0,,,2016,2017,n_to_n_plus_1
2.0,0.0,0.0,,n,2.0,2.0,5.0,41.6,117.6,,,,CF,,204.2642356,542.7802558,,,,9.0,2,4,20.8,29.4,1.0,1.0,,,2016,2017,n_to_n_plus_1
1.0,1.0,0.0,,n,1.0,1.0,3.0,42.8,47.2,,,,CF,,210.1123033,231.4171182,,,,10.0,2,2,21.4,23.6,1.0,0.0,,,2016,2017,n_to_n_plus_1
3.0,0.0,0.0,,n,3.0,1.0,5.0,64.8,105.6,,,,CF,,314.4662382,493.6347674,,,,11.0,3,4,21.6,26.4,1.0,0.0,,,2016,2017,n_to_n_plus_1
2.0,0.0,0.0,,n,0.0,1.0,2.0,36.6,13.4,,,,CF,,179.7235413,62.18790083,,,,12.0,2,1,18.3,13.4,1.0,0.0,,,2016,2017,n_to_n_plus_1
3.0,1.0,0.0,loose tag,n,3.0,2.0,5.0,87.2,132.0,,,,CF,,415.143307,599.624159,,,,13.0,4,5,21.8,26.4,1.0,1.0,,,2016,2017,n_to_n_plus_1
1.0,1.0,0.0,dead,n,0.0,0.0,6.0,21.2,0.0,,,,CF,,102.3774303,-8.447833,,,,14.0,2,0,10.6,0.0,0.0,0.0,,,2016,2017,n_to_n_plus_1
3.0,0.0,2.0,,n,3.0,2.0,5.0,53.1,116.5,,,,CF,,259.6443407,538.342453,,,,15.0,3,5,17.7,23.3,1.0,0.0,,,2016,2017,n_to_n_plus_1
2.0,1.0,0.0,"recorded as dead, but should be coded as ""2""",n,0.0,2.0,2.0,80.7,33.4,,,,CF,,386.5082248,163.8704296,,,,16.0,3,2,26.9,16.7,1.0,0.0,,,2016,2017,n_to_n_plus_1
2.0,1.0,0.0,,n,1.0,1.0,2.0,88.8,39.4,,,,CF,,422.1193058,193.5008551,,,,17.0,3,2,29.6,19.7,1.0,0.0,,,2016,2017,n_to_n_plus_1
2.0,2.0,1.0,,n,3.0,2.0,5.0,139.2,175.5,,,,CF,,627.1744677,757.223839,,,,18.0,4,5,34.8,35.1,1.0,1.0,,,2016,2017,n_to_n_plus_1
2.0,1.0,0.0,dead,n,0.0,0.0,6.0,64.5,0.0,,,,CF,,313.0797166,-8.447833,,,,19.0,3,0,21.5,0.0,0.0,0.0,,,2016,2017,n_to_n_plus_1
1.0,1.0,0.0,dead,n,0.0,0.0,6.0,29.6,0.0,,,,CF,,144.8957745,-8.447833,,,,20.0,2,0,14.8,0.0,0.0,0.0,,,2016,2017,n_to_n_plus_1
1.0,2.0,0.0,dead,n,0.0,0.0,6.0,53.1,0.0,,,,CF,,259.6443407,-8.447833,,,,21.0,3,0,17.7,0.0,0.0,0.0,,,2016,2017,n_to_n_plus_1
2.0,1.0,0.0,,n,2.0,1.0,3.0,75.6,60.3,,,,CF,,363.7091246,293.5624853,,,,22.0,3,3,25.2,20.1,1.0,0.0,,,2016,2017,n_to_n_plus_1
1.0,1.0,0.0,,n,1.0,1.0,2.0,53.2,31.4,,,,CF,,260.1194054,153.9039459,,,,23.0,2,2,26.6,15.7,1.0,0.0,,,2016,2017,n_to_n_plus_1
3.0,0.0,2.0,,n,2.0,2.0,5.0,96.6,117.2,,,,CF,,455.7163629,541.1680786,,,,24.0,3,4,32.2,29.3,1.0,1.0,,,2016,2017,n_to_n_plus_1
2.0,0.0,0.0,,n,3.0,1.0,5.0,42.4,99.6,,,,CF,,208.1647409,468.4567157,,,,25.0,2,4,21.2,24.9,1.0,0.0,,,2016,2017,n_to_n_plus_1
3.0,0.0,1.0,,n,2.0,1.0,3.0,78.6,50.4,,,,CF,,377.1556696,246.7752228,,,,26.0,3,3,26.2,16.8,1.0,0.0,,,2016,2017,n_to_n_plus_1
3.0,1.0,1.0,,n,2.0,2.0,5.0,114.4,166.0,,,,CF,,529.8326206,724.6158362,,,,27.0,4,4,28.6,41.5,1.0,1.0,,,2016,2017,n_to_n_plus_1
3.0,1.0,0.0,,n,2.0,2.0,5.0,127.6,102.0,,,,CF,,582.5017954,478.576361,,,,28.0,4,4,31.9,25.5,1.0,0.0,,,2016,2017,n_to_n_plus_1
2.0,1.0,0.0,daughter tiller,n,0.0,3.0,4.0,81.3,72.0,,,,CF,,389.1713038,347.440103,,,,29.0,3,3,27.1,24.0,1.0,2.0,,,2016,2017,n_to_n_plus_1
3.0,1.0,1.0,daughter tiller?,n,2.0,2.0,5.0,141.6,137.2,,,,CF,,636.2287716,619.579893,,,,30.0,4,4,35.4,34.3,1.0,0.0,,,2016,2017,n_to_n_plus_1
2.0,2.0,1.0,daughter tiller?,n,2.0,2.0,5.0,119.2,192.0,,,,CF,,549.2110293,811.454375,,,,31.0,4,4,29.8,48.0,1.0,1.0,,,2016,2017,n_to_n_plus_1
1.0,2.0,0.0,,n,1.0,1.0,3.0,77.1,50.2,,,,CF,,370.4450077,245.8187041,,,,32.0,3,2,25.7,25.1,1.0,0.0,,,2016,2017,n_to_n_plus_1
1.0,1.0,0.0,dead,n,0.0,0.0,6.0,31.2,0.0,,,,CF,,152.9048315,-8.447833,,,,33.0,2,0,15.6,0.0,0.0,0.0,,,2016,2017,n_to_n_plus_1
1.0,0.0,0.0,,n,1.0,1.0,2.0,5.1,39.6,,,,CF,,18.67316339,194.4815861,,,,34.0,1,2,5.1,19.8,1.0,0.0,,,2016,2017,n_to_n_plus_1
2.0,1.0,1.0,,n,2.0,2.0,5.0,77.1,120.8,,,,CF,,370.4450077,555.6131067,,,,35.0,3,4,25.7,30.2,1.0,1.0,,,2016,2017,n_to_n_plus_1
2.0,0.0,0.0,,n,3.0,2.0,5.0,61.4,163.5,,,,CF,,298.6932531,715.8666418,,,,36.0,2,5,30.7,32.7,1.0,0.0,,,2016,2017,n_to_n_plus_1
2.0,1.0,0.0,,n,1.0,1.0,3.0,64.2,46.0,,,,CF,,311.6921862,225.6282362,,,,37.0,3,2,21.4,23.0,1.0,0.0,,,2016,2017,n_to_n_plus_1
2.0,1.0,2.0,,n,3.0,1.0,5.0,69.9,131.6,,,,CF,,337.8827521,598.076548,,,,38.0,3,4,23.3,32.9,1.0,2.0,,,2016,2017,n_to_n_plus_1
2.0,0.0,1.0,,n,1.0,1.0,2.0,41.8,27.0,,,,CF,,205.2400345,131.8198535,,,,39.0,2,2,20.9,13.5,1.0,0.0,,,2016,2017,n_to_n_plus_1
2.0,0.0,0.0,,n,1.0,3.0,4.0,22.4,69.2,,,,CF,,108.4999041,334.6859833,,,,40.0,2,4,11.2,17.3,1.0,1.0,,,2016,2017,n_to_n_plus_1
2.0,1.0,1.0,,n,2.0,2.0,5.0,79.5,118.4,,,,CF,,381.1699606,545.9992295,,,,41.0,3,4,26.5,29.6,1.0,0.0,,,2016,2017,n_to_n_plus_1
2.0,1.0,0.0,,n,3.0,1.0,5.0,66.3,104.4,,,,CF,,321.3837136,488.6314402,,,,42.0,3,4,22.1,26.1,1.0,2.0,,,2016,2017,n_to_n_plus_1
2.0,0.0,0.0,,n,0.0,2.0,2.0,30.2,12.4,,,,CF,,147.9025337,56.98607569,,,,43.0,2,2,15.1,6.2,1.0,0.0,,,2016,2017,n_to_n_plus_1
2.0,0.0,0.0,,n,1.0,2.0,2.0,39.4,30.6,,,,CF,,193.5008551,149.9047979,,,,44.0,2,3,19.7,10.2,1.0,0.0,,,2016,2017,n_to_n_plus_1
1.0,2.0,0.0,,n,3.0,1.0,4.0,56.4,79.6,,,,CF,,275.2622894,381.6154325,,,,45.0,3,4,18.8,19.9,1.0,1.0,,,2016,2017,n_to_n_plus_1
3.0,0.0,1.0,,n,3.0,1.0,5.0,63.9,106.4,,,,CF,,310.3036469,496.9613514,,,,46.0,3,4,21.3,26.6,1.0,1.0,,,2016,2017,n_to_n_plus_1
2.0,1.0,1.0,,n,3.0,2.0,5.0,59.1,102.5,,,,CF,,287.949815,480.6764936,,,,47.0,3,5,19.7,20.5,1.0,1.0,,,2016,2017,n_to_n_plus_1
1.0,2.0,0.0,dead,n,0.0,0.0,6.0,55.8,0.0,,,,CF,,272.431742,-8.447833,,,,48.0,3,0,18.6,0.0,0.0,0.0,,,2016,2017,n_to_n_plus_1
2.0,1.0,0.0,,n,2.0,1.0,4.0,109.5,78.3,,,,CF,,509.7841036,375.8155549,,,,69.0,3,3,36.5,26.1,1.0,0.0,,,2016,2017,n_to_n_plus_1
3.0,1.0,1.0,flower bud,n,1.0,2.0,4.0,140.8,84.3,,,,CF,,633.2178443,402.426168,,,,70.0,4,3,35.2,28.1,1.0,0.0,,,2016,2017,n_to_n_plus_1
3.0,1.0,0.0,,n,1.0,1.0,3.0,140.4,49.8,,,,CF,,631.7096904,243.9043215,,,,71.0,4,2,35.1,24.9,1.0,0.0,,,2016,2017,n_to_n_plus_1
2.0,1.0,0.0,,n,1.0,2.0,3.0,67.2,63.3,,,,CF,,325.5220926,307.5235417,,,,72.0,3,3,22.4,21.1,1.0,0.0,,,2016,2017,n_to_n_plus_1
3.0,1.0,0.0,loose tag,n,1.0,1.0,4.0,129.2,74.6,,,,CF,,588.7532185,359.2045242,,,,73.0,4,2,32.3,37.3,1.0,1.0,,,2016,2017,n_to_n_plus_1
2.0,1.0,0.0,,n,2.0,1.0,4.0,90.9,98.7,,,,CF,,431.2317556,464.6452027,,,,74.0,3,3,30.3,32.9,1.0,0.0,,,2016,2017,n_to_n_plus_1
2.0,1.0,1.0,,n,3.0,2.0,5.0,104.1,168.0,,,,CF,,487.3780862,731.5647494,,,,75.0,3,5,34.7,33.6,1.0,1.0,,,2016,2017,n_to_n_plus_1
2.0,1.0,1.0,,n,1.0,1.0,3.0,103.2,53.6,,,,CF,,483.6119714,262.0185431,,,,76.0,3,2,34.4,26.8,1.0,0.0,,,2016,2017,n_to_n_plus_1
3.0,1.0,2.0,,n,3.0,0.0,5.0,173.6,116.7,,,,CF,,750.7831703,539.1503351,,,,77.0,4,3,43.4,38.9,1.0,1.0,,,2016,2017,n_to_n_plus_1
1.0,1.0,0.0,dead,n,0.0,0.0,6.0,51.4,0.0,,,,CF,,251.5510907,-8.447833,,,,78.0,2,0,25.7,0.0,0.0,0.0,,,2016,2017,n_to_n_plus_1
4.0,0.0,0.0,,n,2.0,1.0,4.0,104.0,91.8,,,,CF,,486.9600774,435.1219585,,,,79.0,4,3,26.0,30.6,1.0,1.0,,,2016,2017,n_to_n_plus_1
2.0,2.0,0.0,,n,0.0,1.0,2.0,166.8,13.0,,,,CF,,727.400782,60.1085159,,,,80.0,4,1,41.7,13.0,1.0,0.0,,,2016,2017,n_to_n_plus_1
1.0,2.0,0.0,dead ,n,0.0,0.0,6.0,72.6,0.0,,,,CF,,350.1616951,-8.447833,,,,81.0,3,0,24.2,0.0,0.0,0.0,,,2016,2017,n_to_n_plus_1
3.0,0.0,0.0,,n,2.0,2.0,5.0,78.3,109.6,,,,CF,,375.8155549,510.1959473,,,,82.0,3,4,26.1,27.4,1.0,0.0,,,2016,2017,n_to_n_plus_1
2.0,1.0,0.0,,n,2.0,2.0,5.0,111.6,144.0,,,,CF,,518.4092808,645.2185094,,,,83.0,3,4,37.2,36.0,1.0,0.0,,,2016,2017,n_to_n_plus_1
2.0,1.0,0.0,,n,1.0,1.0,2.0,56.1,36.6,,,,CF,,273.8475202,179.7235413,,,,84.0,3,2,18.7,18.3,1.0,0.0,,,2016,2017,n_to_n_plus_1
2.0,1.0,0.0,,n,3.0,1.0,5.0,87.0,114.0,,,,CF,,414.2692895,528.2060954,,,,85.0,3,4,29.0,28.5,1.0,0.0,,,2016,2017,n_to_n_plus_1
3.0,1.0,1.0,,n,3.0,2.0,5.0,145.6,209.0,,,,CF,,651.1757978,864.1363839,,,,86.0,4,5,36.4,41.8,1.0,1.0,,,2016,2017,n_to_n_plus_1
3.0,1.0,2.0,,n,3.0,2.0,5.0,127.2,197.5,,,,CF,,580.9344558,828.8530516,,,,87.0,4,5,31.8,39.5,1.0,0.0,,,2016,2017,n_to_n_plus_1
2.0,1.0,2.0,,n,3.0,1.0,5.0,96.0,123.6,,,,CF,,453.1561862,566.7476923,,,,88.0,3,4,32.0,30.9,1.0,0.0,,,2016,2017,n_to_n_plus_1
2.0,1.0,0.0,2 new,n,2.0,1.0,3.0,60.6,47.1,,,,CF,,294.9631307,230.9353279,,,,89.0,3,3,20.2,15.7,1.0,0.0,,,2016,2017,n_to_n_plus_1
2.0,1.0,2.0,,n,3.0,2.0,5.0,85.8,162.0,,,,CF,,409.0157684,710.583497,,,,90.0,3,5,28.6,32.4,1.0,1.0,,,2016,2017,n_to_n_plus_1
3.0,1.0,1.0,,n,2.0,2.0,5.0,102.4,123.6,,,,CF,,480.2566913,566.7476923,,,,91.0,4,4,25.6,30.9,1.0,1.0,,,2016,2017,n_to_n_plus_1
2.0,0.0,0.0,,n,3.0,1.0,4.0,58.6,96.8,,,,CF,,285.6064384,456.5688584,,,,92.0,2,4,29.3,24.2,1.0,0.0,,,2016,2017,n_to_n_plus_1
3.0,1.0,0.0,,n,2.0,2.0,5.0,121.6,126.0,,,,CF,,558.8033844,576.2216762,,,,93.0,4,4,30.4,31.5,1.0,1.0,,,2016,2017,n_to_n_plus_1
1.0,1.0,0.0,,n,1.0,2.0,5.0,66.2,111.0,,,,CF,,320.9233332,515.9499887,,,,94.0,2,3,33.1,37.0,1.0,0.0,,,2016,2017,n_to_n_plus_1
2.0,1.0,1.0,,n,3.0,1.0,5.0,102.6,128.8,,,,CF,,481.0961839,587.193053,,,,95.0,3,4,34.2,32.2,1.0,0.0,,,2016,2017,n_to_n_plus_1
2.0,2.0,0.0,,n,3.0,2.0,5.0,184.0,233.0,,,,CF,,785.5419014,932.9959599,,,,96.0,4,5,46.0,46.6,1.0,1.0,,,2016,2017,n_to_n_plus_1
3.0,0.0,1.0,,n,3.0,1.0,5.0,106.5,127.6,,,,CF,,497.37667,582.5017954,,,,97.0,3,4,35.5,31.9,1.0,1.0,,,2016,2017,n_to_n_plus_1
2.0,1.0,0.0,,n,2.0,1.0,3.0,87.3,59.4,,,,CF,,415.5801477,289.3544959,,,,98.0,3,3,29.1,19.8,1.0,0.0,,,2016,2017,n_to_n_plus_1
2.0,2.0,1.0,,n,2.0,2.0,5.0,126.8,137.2,,,,CF,,579.3653228,619.579893,,,,99.0,4,4,31.7,34.3,1.0,0.0,,,2016,2017,n_to_n_plus_1
3.0,0.0,0.0,,n,2.0,0.0,2.0,95.4,30.0,,,,CF,,450.5919741,146.900729,,,,100.0,3,2,31.8,15.0,1.0,0.0,,,2016,2017,n_to_n_plus_1
3.0,1.0,0.0,,n,2.0,2.0,5.0,170.0,107.6,,,,CF,,738.468825,501.9377762,,,,101.0,4,4,42.5,26.9,1.0,0.0,,,2016,2017,n_to_n_plus_1
3.0,1.0,1.0,,n,2.0,2.0,5.0,162.4,188.4,,,,CF,,711.9948017,799.8825403,,,,102.0,4,4,40.6,47.1,1.0,0.0,,,2016,2017,n_to_n_plus_1
2.0,1.0,0.0,clipped but not longest,n,2.0,1.0,3.0,61.8,66.3,,,,CF,,300.5556241,321.3837136,,,,103.0,3,3,20.6,22.1,1.0,0.0,,,2016,2017,n_to_n_plus_1
2.0,1.0,1.0,,n,2.0,2.0,5.0,113.7,160.4,,,,CF,,526.9850245,704.9203432,,,,104.0,3,4,37.9,40.1,1.0,1.0,,,2016,2017,n_to_n_plus_1
2.0,1.0,0.0,,n,3.0,1.0,5.0,112.5,162.0,,,,CF,,522.0906526,710.583497,,,,105.0,3,4,37.5,40.5,1.0,0.0,,,2016,2017,n_to_n_plus_1
1.0,1.0,2.0,,n,2.0,2.0,5.0,63.6,133.2,,,,CF,,308.9140987,604.256231,,,,106.0,2,4,31.8,33.3,1.0,2.0,,,2016,2017,n_to_n_plus_1
1.0,1.0,0.0,,n,1.0,1.0,2.0,31.8,29.6,,,,CF,,155.9008297,144.8957745,,,,107.0,2,2,15.9,14.8,1.0,0.0,,,2016,2017,n_to_n_plus_1
2.0,1.0,0.0,,n,2.0,1.0,5.0,112.8,136.5,,,,CF,,523.3157589,616.911199,,,,108.0,3,3,37.6,45.5,1.0,0.0,,,2016,2017,n_to_n_plus_1
2.0,2.0,1.0,,n,3.0,1.0,5.0,132.0,172.8,,,,CF,,599.624159,748.0592037,,,,109.0,4,4,33.0,43.2,1.0,1.0,,,2016,2017,n_to_n_plus_1
2.0,1.0,0.0,,n,2.0,2.0,5.0,107.1,146.0,,,,CF,,499.8662275,652.6606362,,,,110.0,3,4,35.7,36.5,1.0,0.0,,,2016,2017,n_to_n_plus_1
2.0,1.0,0.0,,n,0.0,1.0,2.0,54.3,2.5,,,,CF,,265.3377186,4.883203625,,,,111.0,3,1,18.1,2.5,1.0,0.0,,,2016,2017,n_to_n_plus_1
3.0,0.0,0.0,,n,3.0,1.0,5.0,114.0,150.8,,,,CF,,528.2060954,670.3388031,,,,112.0,3,4,38.0,37.7,1.0,0.0,,,2016,2017,n_to_n_plus_1
3.0,1.0,0.0,,n,3.0,1.0,5.0,127.2,128.0,,,,CF,,580.9344558,584.0673414,,,,113.0,4,4,31.8,32.0,1.0,1.0,,,2016,2017,n_to_n_plus_1
2.0,1.0,0.0,,n,3.0,1.0,5.0,101.1,129.2,,,,CF,,474.7890604,588.7532185,,,,114.0,3,4,33.7,32.3,1.0,1.0,,,2016,2017,n_to_n_plus_1
3.0,0.0,2.0,flower bud,n,3.0,2.0,5.0,109.8,198.5,,,,CF,,511.0192983,831.9800168,,,,115.0,3,5,36.6,39.7,1.0,1.0,,,2016,2017,n_to_n_plus_1
3.0,0.0,1.0,,n,3.0,1.0,5.0,104.1,121.6,,,,CF,,487.3780862,558.8033844,,,,116.0,3,4,34.7,30.4,1.0,0.0,,,2016,2017,n_to_n_plus_1
3.0,1.0,0.0,,n,3.0,1.0,5.0,170.0,158.4,,,,CF,,738.468825,697.8010471,,,,117.0,4,4,42.5,39.6,1.0,0.0,,,2016,2017,n_to_n_plus_1
3.0,1.0,3.0,,n,2.0,2.0,5.0,159.6,158.8,,,,CF,,702.0780053,699.2284934,,,,118.0,4,4,39.9,39.7,1.0,1.0,,,2016,2017,n_to_n_plus_1
3.0,1.0,0.0,1 old,n,2.0,1.0,3.0,115.6,43.5,,,,CF,,534.701435,213.5162218,,,,119.0,4,3,28.9,14.5,1.0,0.0,,,2016,2017,n_to_n_plus_1
3.0,0.0,0.0,,n,3.0,1.0,5.0,115.2,168.0,,,,CF,,533.0802904,731.5647494,,,,120.0,3,4,38.4,42.0,1.0,0.0,,,2016,2017,n_to_n_plus_1
2.0,1.0,0.0,,n,1.0,1.0,3.0,95.7,44.0,,,,CF,,451.8745846,215.9442294,,,,121.0,3,2,31.9,22.0,1.0,0.0,,,2016,2017,n_to_n_plus_1
3.0,1.0,1.0,,n,3.0,1.0,4.0,90.4,83.6,,,,SG,,429.0666084,399.3423899,,,,756.0,4,4,22.6,20.9,1.0,1.0,,,2016,2017,n_to_n_plus_1
1.0,1.0,0.0,dead,n,0.0,0.0,6.0,34.0,0.0,,,,SG,,166.8516314,-8.447833,,,,757.0,2,0,17.0,0.0,0.0,0.0,,,2016,2017,n_to_n_plus_1
3.0,1.0,1.0,,n,0.0,1.0,2.0,108.4,7.0,,,,SG,,505.2464251,28.7025215,,,,758.0,4,1,27.1,7.0,1.0,0.0,,,2016,2017,n_to_n_plus_1
3.0,0.0,0.0,,n,3.0,2.0,5.0,61.5,125.5,,,,SG,,299.159014,574.253254,,,,759.0,3,5,20.5,25.1,1.0,0.0,,,2016,2017,n_to_n_plus_1
2.0,1.0,1.0,,n,3.0,1.0,4.0,64.2,79.6,,,,SG,,311.6921862,381.6154325,,,,760.0,3,4,21.4,19.9,1.0,2.0,,,2016,2017,n_to_n_plus_1
3.0,1.0,0.0,dead,n,0.0,0.0,6.0,87.2,0.0,,,,SG,,415.143307,-8.447833,,,,761.0,4,0,21.8,0.0,0.0,0.0,,,2016,2017,n_to_n_plus_1
3.0,1.0,1.0,,n,4.0,1.0,5.0,96.0,99.5,,,,SG,,453.1561862,468.0336626,,,,762.0,4,5,24.0,19.9,1.0,3.0,,,2016,2017,n_to_n_plus_1
4.0,1.0,1.0,,n,2.0,2.0,3.0,76.5,47.6,,,,SG,,367.753681,233.3431586,,,,763.0,5,4,15.3,11.9,1.0,0.0,,,2016,2017,n_to_n_plus_1
2.0,1.0,0.0,"check in lab, much of tag off tiller",n,4.0,0.0,4.0,54.9,70.4,,,,SG,,268.1783545,340.1627956,,,,764.0,3,4,18.3,17.6,1.0,2.0,,,2016,2017,n_to_n_plus_1
2.0,1.0,0.0,,n,3.0,1.0,4.0,55.2,79.6,,,,SG,,269.5971592,381.6154325,,,,765.0,3,4,18.4,19.9,1.0,1.0,,,2016,2017,n_to_n_plus_1
3.0,1.0,0.0,,n,3.0,1.0,3.0,73.2,60.4,,,,SG,,352.8792518,294.0294792,,,,766.0,4,4,18.3,15.1,1.0,0.0,,,2016,2017,n_to_n_plus_1
3.0,0.0,0.0,,n,3.0,1.0,5.0,77.1,106.8,,,,SG,,370.4450077,498.6219532,,,,767.0,3,4,25.7,26.7,1.0,0.0,,,2016,2017,n_to_n_plus_1
3.0,1.0,1.0,check in lab,n,4.0,0.0,4.0,77.6,82.4,,,,SG,,372.6846974,394.0431345,,,,768.0,4,4,19.4,20.6,1.0,4.0,,,2016,2017,n_to_n_plus_1
3.0,1.0,1.0,,n,4.0,1.0,5.0,89.6,99.5,,,,SG,,425.5965441,468.0336626,,,,769.0,4,5,22.4,19.9,1.0,1.0,,,2016,2017,n_to_n_plus_1
3.0,0.0,1.0,THROW OUT?,n,3.0,1.0,2.0,82.2,18.4,,,,SG,,393.1583559,88.02888553,,,,770.0,3,4,27.4,4.6,1.0,1.0,,,2016,2017,n_to_n_plus_1
1.0,1.0,0.0,dead,n,0.0,0.0,6.0,30.2,0.0,,,,SG,,147.9025337,-8.447833,,,,771.0,2,0,15.1,0.0,0.0,0.0,,,2016,2017,n_to_n_plus_1
3.0,0.0,1.0,,n,4.0,2.0,5.0,55.8,123.0,,,,SG,,272.431742,564.3691079,,,,772.0,3,6,18.6,20.5,1.0,0.0,,,2016,2017,n_to_n_plus_1
3.0,0.0,0.0,,n,2.0,1.0,3.0,39.9,45.3,,,,SG,,195.9518419,222.2439341,,,,773.0,3,3,13.3,15.1,1.0,0.0,,,2016,2017,n_to_n_plus_1
3.0,1.0,0.0,dead,n,0.0,0.0,6.0,46.0,0.0,,,,SG,,225.6282362,-8.447833,,,,774.0,4,0,11.5,0.0,0.0,0.0,,,2016,2017,n_to_n_plus_1
2.0,1.0,0.0,1 new one broke off,n,2.0,0.0,2.0,55.5,34.2,,,,SG,,271.014955,167.8444686,,,,775.0,3,2,18.5,17.1,1.0,0.0,,,2016,2017,n_to_n_plus_1
2.0,1.0,0.0,,n,2.0,1.0,3.0,43.8,45.6,,,,SG,,214.9733627,223.6950218,,,,776.0,3,3,14.6,15.2,1.0,0.0,,,2016,2017,n_to_n_plus_1
2.0,1.0,1.0,,n,3.0,1.0,4.0,42.9,77.2,,,,SG,,210.5989136,370.8931698,,,,777.0,3,4,14.3,19.3,1.0,0.0,,,2016,2017,n_to_n_plus_1
2.0,0.0,0.0,,n,2.0,0.0,2.0,26.2,28.8,,,,SG,,127.7812484,140.880485,,,,778.0,2,2,13.1,14.4,1.0,0.0,,,2016,2017,n_to_n_plus_1
2.0,1.0,0.0,,n,0.0,1.0,2.0,36.9,7.4,,,,SG,,181.2038856,30.80880899,,,,779.0,3,1,12.3,7.4,1.0,0.0,,,2016,2017,n_to_n_plus_1
2.0,1.0,0.0,,n,2.0,0.0,2.0,33.3,30.0,,,,SG,,163.3731703,146.900729,,,,780.0,3,2,11.1,15.0,1.0,0.0,,,2016,2017,n_to_n_plus_1
2.0,1.0,0.0,,n,2.0,1.0,2.0,23.1,40.5,,,,SG,,112.0638929,198.889327,,,,781.0,3,3,7.7,13.5,1.0,0.0,,,2016,2017,n_to_n_plus_1
2.0,1.0,0.0,,n,2.0,1.0,2.0,24.6,33.0,,,,SG,,119.6825162,161.8807199,,,,782.0,3,3,8.2,11.0,1.0,1.0,,,2016,2017,n_to_n_plus_1
2.0,1.0,0.0,,n,2.0,1.0,3.0,34.5,47.1,,,,SG,,169.3328836,230.9353279,,,,783.0,3,3,11.5,15.7,1.0,0.0,,,2016,2017,n_to_n_plus_1
1.0,1.0,0.0,,n,2.0,1.0,2.0,23.0,40.8,,,,SG,,111.5550879,200.3565563,,,,784.0,2,3,11.5,13.6,1.0,0.0,,,2016,2017,n_to_n_plus_1
3.0,1.0,0.0,,n,2.0,1.0,3.0,94.8,62.4,,,,SG,,448.0237266,303.3458177,,,,785.0,4,3,23.7,20.8,1.0,0.0,,,2016,2017,n_to_n_plus_1
3.0,1.0,0.0,,n,3.0,1.0,3.0,37.6,62.4,,,,SG,,184.654099,303.3458177,,,,786.0,4,4,9.4,15.6,1.0,0.0,,,2016,2017,n_to_n_plus_1
2.0,1.0,1.0,,n,2.0,1.0,3.0,39.6,53.1,,,,SG,,194.4815861,259.6443407,,,,787.0,3,3,13.2,17.7,1.0,0.0,,,2016,2017,n_to_n_plus_1
3.0,1.0,0.0,,n,3.0,1.0,3.0,29.2,61.6,,,,SG,,142.8890265,299.6246628,,,,788.0,4,4,7.3,15.4,1.0,0.0,,,2016,2017,n_to_n_plus_1
3.0,1.0,1.0,"we had it on 2194, but most likely 2094.  data entered at 2194, which matches with 2016 entry.  There is no 2094 in existence. ",n,3.0,1.0,4.0,62.0,79.2,,,,SG,,301.486137,379.8328725,,,,789.0,4,4,15.5,19.8,1.0,0.0,,,2016,2017,n_to_n_plus_1
1.0,1.0,0.0,dead,n,0.0,0.0,6.0,8.4,0.0,,,,SG,,36.06668113,-8.447833,,,,790.0,2,0,4.2,0.0,0.0,0.0,,,2016,2017,n_to_n_plus_1
3.0,1.0,0.0,,n,3.0,1.0,3.0,72.0,64.8,,,,SG,,347.440103,314.4662382,,,,791.0,4,4,18.0,16.2,1.0,0.0,,,2016,2017,n_to_n_plus_1
2.0,0.0,0.0,,n,4.0,0.0,4.0,33.4,72.8,,,,SG,,163.8704296,351.0679957,,,,792.0,2,4,16.7,18.2,1.0,0.0,,,2016,2017,n_to_n_plus_1
3.0,1.0,1.0,,n,4.0,1.0,3.0,55.2,57.0,,,,SG,,269.5971592,278.0888015,,,,793.0,4,5,13.8,11.4,1.0,0.0,,,2016,2017,n_to_n_plus_1
3.0,1.0,0.0,,n,2.0,1.0,3.0,65.6,42.3,,,,SG,,318.158697,207.6775701,,,,794.0,4,3,16.4,14.1,1.0,1.0,,,2016,2017,n_to_n_plus_1
3.0,1.0,0.0,dead,n,0.0,0.0,6.0,40.4,0.0,,,,SG,,198.4000264,-8.447833,,,,795.0,4,0,10.1,0.0,0.0,0.0,,,2016,2017,n_to_n_plus_1
3.0,1.0,0.0,1 old clipped,n,3.0,0.0,3.0,62.0,52.2,,,,SG,,301.486137,255.3637143,,,,796.0,4,3,15.5,17.4,1.0,0.0,,,2016,2017,n_to_n_plus_1
2.0,0.0,0.0,,n,2.0,1.0,2.0,18.6,30.6,,,,SG,,89.05669603,149.9047979,,,,797.0,2,3,9.3,10.2,1.0,0.0,,,2016,2017,n_to_n_plus_1
2.0,0.0,0.0,,n,2.0,2.0,2.0,30.8,36.4,,,,SG,,150.9052575,178.7360846,,,,798.0,2,4,15.4,9.1,1.0,0.0,,,2016,2017,n_to_n_plus_1
1.0,1.0,1.0,dead,n,0.0,0.0,6.0,19.4,0.0,,,,SG,,93.16345427,-8.447833,,,,799.0,2,0,9.7,0.0,0.0,0.0,,,2016,2017,n_to_n_plus_1
3.0,1.0,1.0,,n,3.0,2.0,4.0,72.0,86.5,,,,SG,,347.440103,412.082284,,,,800.0,4,5,18.0,17.3,1.0,2.0,,,2016,2017,n_to_n_plus_1
2.0,2.0,0.0,,n,1.0,1.0,2.0,77.2,27.4,,,,SG,,370.8931698,133.8364658,,,,801.0,4,2,19.3,13.7,1.0,0.0,,,2016,2017,n_to_n_plus_1
2.0,1.0,0.0,,n,0.0,2.0,2.0,30.0,20.6,,,,SG,,146.900729,99.31014035,,,,802.0,3,2,10.0,10.3,1.0,0.0,,,2016,2017,n_to_n_plus_1
2.0,2.0,0.0,,n,3.0,1.0,4.0,70.8,69.2,,,,SG,,341.9848127,334.6859833,,,,803.0,4,4,17.7,17.3,1.0,1.0,,,2016,2017,n_to_n_plus_1
2.0,0.0,0.0,,n,0.0,1.0,2.0,45.0,6.0,,,,SG,,220.7918375,23.4289562,,,,804.0,2,1,22.5,6.0,1.0,0.0,,,2016,2017,n_to_n_plus_1
2.0,1.0,0.0,,n,1.0,1.0,2.0,69.9,32.6,,,,SG,,337.8827521,159.8892167,,,,887.0,3,2,23.3,16.3,1.0,0.0,,,2016,2017,n_to_n_plus_1
2.0,1.0,1.0,,n,2.0,2.0,5.0,102.3,124.8,,,,SG,,479.8367769,571.492755,,,,888.0,3,4,34.1,31.2,1.0,1.0,,,2016,2017,n_to_n_plus_1
2.0,2.0,0.0,,n,2.0,1.0,3.0,91.2,57.9,,,,SG,,432.5294987,282.3210032,,,,889.0,4,3,22.8,19.3,1.0,1.0,,,2016,2017,n_to_n_plus_1
2.0,0.0,2.0,,n,3.0,1.0,4.0,54.6,89.6,,,,SG,,266.758541,425.5965441,,,,890.0,2,4,27.3,22.4,1.0,1.0,,,2016,2017,n_to_n_plus_1
1.0,2.0,0.0,,n,1.0,1.0,2.0,80.4,14.4,,,,SG,,385.175172,67.37851657,,,,891.0,3,2,26.8,7.2,1.0,0.0,,,2016,2017,n_to_n_plus_1
2.0,1.0,0.0,,n,0.0,1.0,2.0,31.5,7.3,,,,SG,,154.403335,30.28240526,,,,892.0,3,1,10.5,7.3,1.0,0.0,,,2016,2017,n_to_n_plus_1
2.0,1.0,0.0,,n,1.0,2.0,3.0,54.3,47.7,,,,SG,,265.3377186,233.8243884,,,,893.0,3,3,18.1,15.9,1.0,0.0,,,2016,2017,n_to_n_plus_1
2.0,0.0,0.0,,n,2.0,2.0,5.0,68.0,151.6,,,,SG,,329.1930294,673.2600552,,,,894.0,2,4,34.0,37.9,1.0,2.0,,,2016,2017,n_to_n_plus_1
3.0,1.0,1.0,loose tag,n,2.0,2.0,5.0,93.2,125.2,,,,SG,,441.1553382,573.0708556,,,,895.0,4,4,23.3,31.3,1.0,1.0,,,2016,2017,n_to_n_plus_1
2.0,1.0,1.0,,n,2.0,2.0,4.0,71.1,97.6,,,,SG,,343.3501486,459.9743566,,,,896.0,3,4,23.7,24.4,1.0,1.0,,,2016,2017,n_to_n_plus_1
0.0,1.0,0.0,dead,n,0.0,0.0,6.0,5.0,0.0,,,,SG,,18.1441815,-8.447833,,,,897.0,1,0,5.0,0.0,0.0,0.0,,,2016,2017,n_to_n_plus_1
3.0,1.0,0.0,1 damaged ,n,1.0,1.0,2.0,124.4,35.4,,,,SG,,569.912861,173.7920757,,,,898.0,4,2,31.1,17.7,1.0,0.0,,,2016,2017,n_to_n_plus_1
2.0,1.0,0.0,,n,2.0,1.0,4.0,78.3,93.3,,,,SG,,375.8155549,441.5854531,,,,899.0,3,3,26.1,31.1,1.0,0.0,,,2016,2017,n_to_n_plus_1
2.0,1.0,0.0,loose tag,n,2.0,1.0,4.0,90.0,79.8,,,,SG,,427.332473,382.5060399,,,,900.0,3,3,30.0,26.6,1.0,0.0,,,2016,2017,n_to_n_plus_1
2.0,1.0,0.0,loose tag,n,1.0,1.0,2.0,78.9,40.0,,,,SG,,378.4947755,196.441703,,,,901.0,3,2,26.3,20.0,1.0,0.0,,,2016,2017,n_to_n_plus_1
2.0,1.0,0.0,,n,2.0,1.0,5.0,123.0,100.8,,,,SG,,564.3691079,473.5246091,,,,902.0,3,3,41.0,33.6,1.0,0.0,,,2016,2017,n_to_n_plus_1
3.0,0.0,0.0,dead,n,0.0,0.0,6.0,45.3,0.0,,,,SG,,222.2439341,-8.447833,,,,903.0,3,0,15.1,0.0,0.0,0.0,,,2016,2017,n_to_n_plus_1
2.0,1.0,0.0,,n,2.0,1.0,2.0,32.1,31.2,,,,SG,,157.3973155,152.9048315,,,,904.0,3,3,10.7,10.4,1.0,0.0,,,2016,2017,n_to_n_plus_1
3.0,0.0,1.0,loose tag,n,3.0,1.0,4.0,69.0,94.8,,,,SG,,333.7716119,448.0237266,,,,905.0,3,4,23.0,23.7,1.0,1.0,,,2016,2017,n_to_n_plus_1
3.0,0.0,0.0,,n,3.0,1.0,4.0,72.0,76.0,,,,SG,,347.440103,365.5078262,,,,906.0,3,4,24.0,19.0,1.0,2.0,,,2016,2017,n_to_n_plus_1
2.0,1.0,0.0,,n,2.0,2.0,3.0,51.0,60.4,,,,SG,,249.6420887,294.0294792,,,,907.0,3,4,17.0,15.1,1.0,1.0,,,2016,2017,n_to_n_plus_1
3.0,1.0,0.0,,n,2.0,1.0,3.0,86.0,51.0,,,,SG,,409.8924762,249.6420887,,,,908.0,4,3,21.5,17.0,1.0,0.0,,,2016,2017,n_to_n_plus_1
2.0,1.0,0.0,,n,3.0,1.0,5.0,83.1,122.4,,,,SG,,397.1363285,561.9864881,,,,909.0,3,4,27.7,30.6,1.0,0.0,,,2016,2017,n_to_n_plus_1
2.0,1.0,0.0,,n,2.0,1.0,3.0,64.5,49.2,,,,SG,,313.0797166,241.0293849,,,,910.0,3,3,21.5,16.4,1.0,0.0,,,2016,2017,n_to_n_plus_1
3.0,1.0,0.0,,n,3.0,1.0,4.0,98.8,95.6,,,,SG,,465.0691526,451.4471598,,,,911.0,4,4,24.7,23.9,1.0,0.0,,,2016,2017,n_to_n_plus_1
2.0,1.0,0.0,,n,2.0,1.0,2.0,53.7,33.9,,,,SG,,262.4930473,166.3550447,,,,912.0,3,3,17.9,11.3,1.0,0.0,,,2016,2017,n_to_n_plus_1
3.0,1.0,0.0,,n,1.0,2.0,4.0,122.4,78.3,,,,SG,,561.9864881,375.8155549,,,,913.0,4,3,30.6,26.1,1.0,0.0,,,2016,2017,n_to_n_plus_1
2.0,1.0,0.0,,n,2.0,1.0,2.0,45.9,36.6,,,,SG,,225.1451008,179.7235413,,,,914.0,3,3,15.3,12.2,1.0,0.0,,,2016,2017,n_to_n_plus_1
2.0,1.0,0.0,dead,n,0.0,0.0,6.0,73.2,0.0,,,,SG,,352.8792518,-8.447833,,,,915.0,3,0,24.4,0.0,0.0,0.0,,,2016,2017,n_to_n_plus_1
2.0,1.0,0.0,old clipped,n,1.0,1.0,2.0,63.9,30.6,,,,SG,,310.3036469,149.9047979,,,,916.0,3,2,21.3,15.3,1.0,0.0,,,2016,2017,n_to_n_plus_1
2.0,1.0,0.0,,n,3.0,1.0,4.0,72.3,98.8,,,,SG,,348.8014035,465.0691526,,,,917.0,3,4,24.1,24.7,1.0,1.0,,,2016,2017,n_to_n_plus_1
3.0,1.0,2.0,,n,0.0,2.0,2.0,79.6,12.6,,,,SG,,381.6154325,58.02733747,,,,918.0,4,2,19.9,6.3,1.0,0.0,,,2016,2017,n_to_n_plus_1
3.0,1.0,0.0,,n,2.0,1.0,4.0,99.2,79.8,,,,SG,,466.7638309,382.5060399,,,,919.0,4,3,24.8,26.6,1.0,1.0,,,2016,2017,n_to_n_plus_1
2.0,2.0,2.0,,n,2.0,1.0,3.0,112.0,66.3,,,,SG,,520.046567,321.3837136,,,,920.0,4,3,28.0,22.1,1.0,0.0,,,2016,2017,n_to_n_plus_1
2.0,2.0,0.0,,n,1.0,2.0,4.0,88.0,72.0,,,,SG,,418.6348934,347.440103,,,,921.0,4,3,22.0,24.0,1.0,0.0,,,2016,2017,n_to_n_plus_1
3.0,1.0,0.0,flower bud,n,2.0,1.0,4.0,103.6,74.4,,,,SG,,485.2869211,358.302259,,,,922.0,4,3,25.9,24.8,1.0,1.0,,,2016,2017,n_to_n_plus_1
3.0,2.0,0.0,,n,2.0,2.0,4.0,94.5,70.8,,,,SG,,446.7380896,341.9848127,,,,923.0,5,4,18.9,17.7,1.0,2.0,,,2016,2017,n_to_n_plus_1
3.0,0.0,0.0,old clipped,n,1.0,2.0,2.0,75.6,16.2,,,,SG,,363.7091246,76.69337721,,,,924.0,3,3,25.2,5.4,1.0,0.0,,,2016,2017,n_to_n_plus_1
1.0,1.0,0.0,dead,n,0.0,0.0,6.0,37.0,0.0,,,,SG,,181.6971095,-8.447833,,,,925.0,2,0,18.5,0.0,0.0,0.0,,,2016,2017,n_to_n_plus_1
2.0,1.0,0.0,,n,2.0,1.0,3.0,78.9,43.8,,,,SG,,378.4947755,214.9733627,,,,926.0,3,3,26.3,14.6,1.0,0.0,,,2016,2017,n_to_n_plus_1
2.0,2.0,1.0,,n,1.0,2.0,3.0,131.2,43.2,,,,SG,,596.5271435,212.0580722,,,,927.0,4,3,32.8,14.4,1.0,0.0,,,2016,2017,n_to_n_plus_1
1.0,1.0,0.0,,n,1.0,1.0,2.0,44.4,34.0,,,,SG,,217.8846178,166.8516314,,,,928.0,2,2,22.2,17.0,1.0,0.0,,,2016,2017,n_to_n_plus_1
2.0,1.0,0.0,,n,2.0,1.0,4.0,103.5,81.3,,,,SG,,484.8683518,389.1713038,,,,929.0,3,3,34.5,27.1,1.0,1.0,,,2016,2017,n_to_n_plus_1
2.0,1.0,0.0,1 old clipped,n,1.0,2.0,2.0,46.8,31.8,,,,SG,,229.4892844,155.9008297,,,,930.0,3,3,15.6,10.6,1.0,0.0,,,2016,2017,n_to_n_plus_1
2.0,1.0,0.0,,n,1.0,3.0,4.0,60.0,76.0,,,,SG,,292.160831,365.5078262,,,,931.0,3,4,20.0,19.0,1.0,0.0,,,2016,2017,n_to_n_plus_1
3.0,1.0,1.0,,n,1.0,2.0,4.0,102.4,76.8,,,,SG,,480.2566913,369.0998488,,,,932.0,4,3,25.6,25.6,1.0,1.0,,,2016,2017,n_to_n_plus_1
2.0,1.0,0.0,,n,2.0,1.0,3.0,55.5,49.5,,,,SG,,271.014955,242.4673576,,,,933.0,3,3,18.5,16.5,1.0,0.0,,,2016,2017,n_to_n_plus_1
1.0,2.0,0.0,1 old clipped,n,1.0,2.0,3.0,102.0,61.5,,,,SG,,478.576361,299.159014,,,,934.0,3,3,34.0,20.5,1.0,0.0,,,2016,2017,n_to_n_plus_1
2.0,1.0,0.0,,n,2.0,1.0,3.0,73.5,56.1,,,,SG,,354.2365168,273.8475202,,,,935.0,3,3,24.5,18.7,1.0,0.0,,,2016,2017,n_to_n_plus_1
2.0,1.0,0.0,,n,3.0,1.0,4.0,62.7,86.4,,,,SG,,304.7394012,411.6445466,,,,936.0,3,4,20.9,21.6,1.0,3.0,,,2016,2017,n_to_n_plus_1
2.0,2.0,2.0,,n,2.0,2.0,4.0,96.0,93.6,,,,SG,,453.1561862,442.8751255,,,,937.0,4,4,24.0,23.4,1.0,1.0,,,2016,2017,n_to_n_plus_1
1.0,1.0,0.0,dead,n,0.0,0.0,6.0,24.2,0.0,,,,TL,,117.6533494,-8.447833,,,,1724.0,2,0,12.1,0.0,0.0,0.0,,,2016,2017,n_to_n_plus_1
2.0,1.0,0.0,,n,1.0,1.0,2.0,49.5,20.2,,,,TL,,242.4673576,97.26303849,,,,1725.0,3,2,16.5,10.1,1.0,0.0,,,2016,2017,n_to_n_plus_1
1.0,1.0,0.0,dead,n,0.0,0.0,6.0,28.8,0.0,,,,TL,,140.880485,-8.447833,,,,1726.0,2,0,14.4,0.0,0.0,0.0,,,2016,2017,n_to_n_plus_1
2.0,1.0,0.0,,n,2.0,1.0,3.0,39.9,45.9,,,,TL,,195.9518419,225.1451008,,,,1727.0,3,3,13.3,15.3,1.0,0.0,,,2016,2017,n_to_n_plus_1
1.0,1.0,0.0,,n,0.0,1.0,2.0,24.6,4.2,,,,TL,,119.6825162,13.90829097,,,,1728.0,2,1,12.3,4.2,1.0,0.0,,,2016,2017,n_to_n_plus_1
2.0,1.0,0.0,,n,1.0,2.0,2.0,45.9,36.6,,,,TL,,225.1451008,179.7235413,,,,1729.0,3,3,15.3,12.2,1.0,0.0,,,2016,2017,n_to_n_plus_1
1.0,1.0,0.0,,n,2.0,1.0,2.0,32.4,33.9,,,,TL,,158.8927925,166.3550447,,,,1730.0,2,3,16.2,11.3,1.0,0.0,,,2016,2017,n_to_n_plus_1
2.0,1.0,0.0,,n,1.0,1.0,2.0,46.5,21.8,,,,TL,,228.042232,105.4406849,,,,1731.0,3,2,15.5,10.9,1.0,0.0,,,2016,2017,n_to_n_plus_1
2.0,1.0,0.0,,n,0.0,2.0,2.0,43.5,14.0,,,,TL,,213.5162218,65.3036154,,,,1732.0,3,2,14.5,7.0,1.0,1.0,,,2016,2017,n_to_n_plus_1
2.0,1.0,1.0,,n,2.0,2.0,4.0,48.6,78.0,,,,TL,,238.1504128,374.4744314,,,,1733.0,3,4,16.2,19.5,1.0,1.0,,,2016,2017,n_to_n_plus_1
1.0,1.0,0.0,,n,2.0,1.0,3.0,36.4,45.9,,,,TL,,178.7360846,225.1451008,,,,1734.0,2,3,18.2,15.3,1.0,0.0,,,2016,2017,n_to_n_plus_1
2.0,1.0,2.0,,n,2.0,1.0,2.0,48.0,39.3,,,,TL,,235.2674054,193.0103214,,,,1735.0,3,3,16.0,13.1,1.0,0.0,,,2016,2017,n_to_n_plus_1
1.0,1.0,0.0,dead,n,0.0,0.0,6.0,23.4,0.0,,,,TL,,113.5896352,-8.447833,,,,1736.0,2,0,11.7,0.0,0.0,0.0,,,2016,2017,n_to_n_plus_1
1.0,1.0,0.0,dead,n,0.0,0.0,6.0,30.8,0.0,,,,TL,,150.9052575,-8.447833,,,,1737.0,2,0,15.4,0.0,0.0,0.0,,,2016,2017,n_to_n_plus_1
2.0,1.0,0.0,dead,n,0.0,0.0,6.0,39.0,0.0,,,,TL,,191.5380479,-8.447833,,,,1738.0,3,0,13.0,0.0,0.0,0.0,,,2016,2017,n_to_n_plus_1
1.0,1.0,0.0,,n,0.0,1.0,2.0,39.2,4.9,,,,TL,,192.5196757,17.61508751,,,,1739.0,2,1,19.6,4.9,1.0,0.0,,,2016,2017,n_to_n_plus_1
1.0,1.0,0.0,,n,2.0,1.0,3.0,37.6,45.9,,,,TL,,184.654099,225.1451008,,,,1740.0,2,3,18.8,15.3,1.0,0.0,,,2016,2017,n_to_n_plus_1
2.0,0.0,0.0,,n,2.0,1.0,3.0,36.6,55.5,,,,TL,,179.7235413,271.014955,,,,1741.0,2,3,18.3,18.5,1.0,0.0,,,2016,2017,n_to_n_plus_1
1.0,1.0,0.0,,n,1.0,1.0,2.0,34.6,21.0,,,,TL,,169.8287978,101.3554487,,,,1742.0,2,2,17.3,10.5,1.0,0.0,,,2016,2017,n_to_n_plus_1
1.0,2.0,0.0,,n,1.0,1.0,2.0,33.9,23.0,,,,TL,,166.3550447,111.5550879,,,,1743.0,3,2,11.3,11.5,1.0,0.0,,,2016,2017,n_to_n_plus_1
3.0,1.0,1.0,,n,0.0,1.0,2.0,63.6,2.2,,,,TL,,308.9140987,3.287178332,,,,1744.0,4,1,15.9,2.2,1.0,0.0,,,2016,2017,n_to_n_plus_1
2.0,1.0,0.0,,n,1.0,1.0,2.0,54.6,27.2,,,,TL,,266.758541,132.8283838,,,,1745.0,3,2,18.2,13.6,1.0,0.0,,,2016,2017,n_to_n_plus_1
2.0,2.0,0.0,,n,2.0,1.0,3.0,71.2,47.1,,,,TL,,343.8050363,230.9353279,,,,1746.0,4,3,17.8,15.7,1.0,0.0,,,2016,2017,n_to_n_plus_1
3.0,1.0,0.0,,n,2.0,2.0,3.0,57.2,66.4,,,,TL,,279.0300754,321.8439818,,,,1747.0,4,4,14.3,16.6,1.0,2.0,,,2016,2017,n_to_n_plus_1
1.0,1.0,0.0,,n,1.0,1.0,2.0,21.8,26.4,,,,TL,,105.4406849,128.7915722,,,,1748.0,2,2,10.9,13.2,1.0,0.0,,,2016,2017,n_to_n_plus_1
1.0,1.0,0.0,,n,0.0,1.0,2.0,38.2,4.7,,,,TL,,187.6070531,16.55656326,,,,1749.0,2,1,19.1,4.7,1.0,0.0,,,2016,2017,n_to_n_plus_1
1.0,1.0,0.0,dead,n,0.0,0.0,6.0,25.6,0.0,,,,TL,,124.7475866,-8.447833,,,,1750.0,2,0,12.8,0.0,0.0,0.0,,,2016,2017,n_to_n_plus_1
1.0,1.0,0.0,dead,n,0.0,0.0,6.0,17.6,0.0,,,,TL,,83.91315977,-8.447833,,,,1751.0,2,0,8.8,0.0,0.0,0.0,,,2016,2017,n_to_n_plus_1
2.0,1.0,0.0,flower bud,n,1.0,2.0,3.0,54.9,43.2,,,,TL,,268.1783545,212.0580722,,,,1752.0,3,3,18.3,14.4,1.0,0.0,,,2016,2017,n_to_n_plus_1
2.0,1.0,0.0,,n,1.0,1.0,2.0,64.2,28.6,,,,TL,,311.6921862,139.8755416,,,,1753.0,3,2,21.4,14.3,1.0,0.0,,,2016,2017,n_to_n_plus_1
2.0,1.0,0.0,dead,n,0.0,0.0,6.0,29.7,0.0,,,,TL,,145.3971813,-8.447833,,,,1754.0,3,0,9.9,0.0,0.0,0.0,,,2016,2017,n_to_n_plus_1
1.0,1.0,0.0,,n,1.0,1.0,2.0,31.4,18.4,,,,TL,,153.9039459,88.02888553,,,,1755.0,2,2,15.7,9.2,1.0,0.0,,,2016,2017,n_to_n_plus_1
2.0,1.0,0.0,,n,2.0,1.0,2.0,48.0,38.7,,,,TL,,235.2674054,190.0647655,,,,1756.0,3,3,16.0,12.9,1.0,0.0,,,2016,2017,n_to_n_plus_1
2.0,1.0,0.0,,n,2.0,1.0,3.0,48.6,59.7,,,,TL,,238.1504128,290.7581679,,,,1757.0,3,3,16.2,19.9,1.0,0.0,,,2016,2017,n_to_n_plus_1
3.0,0.0,2.0,loose tag,n,3.0,1.0,4.0,47.1,76.0,,,,TL,,230.9353279,365.5078262,,,,1758.0,3,4,15.7,19.0,1.0,2.0,,,2016,2017,n_to_n_plus_1
1.0,1.0,0.0,,n,0.0,1.0,2.0,25.0,2.6,,,,TL,,121.7098895,5.414987868,,,,1759.0,2,1,12.5,2.6,1.0,0.0,,,2016,2017,n_to_n_plus_1
2.0,1.0,0.0,,n,1.0,1.0,2.0,69.6,38.4,,,,TL,,336.5133809,188.5904743,,,,1760.0,3,2,23.2,19.2,1.0,0.0,,,2016,2017,n_to_n_plus_1
2.0,1.0,0.0,,n,2.0,1.0,3.0,62.4,51.0,,,,TL,,303.3458177,249.6420887,,,,1761.0,3,3,20.8,17.0,1.0,0.0,,,2016,2017,n_to_n_plus_1
2.0,1.0,0.0,,n,1.0,1.0,2.0,65.7,37.0,,,,TL,,318.61975,181.6971095,,,,1762.0,3,2,21.9,18.5,1.0,0.0,,,2016,2017,n_to_n_plus_1
2.0,1.0,0.0,,n,0.0,1.0,2.0,56.1,8.4,,,,TL,,273.8475202,36.06668113,,,,1763.0,3,1,18.7,8.4,1.0,0.0,,,2016,2017,n_to_n_plus_1
1.0,1.0,0.0,,n,1.0,2.0,3.0,44.8,68.1,,,,TL,,219.8232126,329.6513921,,,,1764.0,2,3,22.4,22.7,1.0,0.0,,,2016,2017,n_to_n_plus_1
2.0,1.0,1.0,,n,2.0,1.0,3.0,71.7,59.4,,,,TL,,346.0777937,289.3544959,,,,1765.0,3,3,23.9,19.8,1.0,0.0,,,2016,2017,n_to_n_plus_1
1.0,2.0,1.0,,n,2.0,1.0,3.0,67.8,64.2,,,,TL,,328.2759678,311.6921862,,,,1766.0,3,3,22.6,21.4,1.0,1.0,,,2016,2017,n_to_n_plus_1
2.0,1.0,0.0,,n,2.0,2.0,3.0,54.3,67.6,,,,TL,,265.3377186,327.3584578,,,,1767.0,3,4,18.1,16.9,1.0,1.0,,,2016,2017,n_to_n_plus_1
1.0,1.0,0.0,,n,1.0,2.0,2.0,40.8,41.4,,,,TL,,200.3565563,203.2879883,,,,1768.0,2,3,20.4,13.8,1.0,0.0,,,2016,2017,n_to_n_plus_1
2.0,1.0,0.0,,n,1.0,1.0,2.0,59.7,30.6,,,,TL,,290.7581679,149.9047979,,,,1769.0,3,2,19.9,15.3,1.0,0.0,,,2016,2017,n_to_n_plus_1
2.0,0.0,0.0,,n,0.0,1.0,2.0,38.4,5.5,,,,TL,,188.5904743,20.78797003,,,,1770.0,2,1,19.2,5.5,1.0,0.0,,,2016,2017,n_to_n_plus_1
2.0,1.0,0.0,,n,1.0,1.0,3.0,74.1,43.0,,,,TL,,356.9480204,211.0854119,,,,1771.0,3,2,24.7,21.5,1.0,0.0,,,2016,2017,n_to_n_plus_1
2.0,1.0,1.0,Not found - could be 285 -YES,n,2.0,1.0,4.0,70.8,81.0,,,,TL,,341.9848127,387.8402687,,,,1772.0,3,3,23.6,27.0,1.0,0.0,,,2016,2017,n_to_n_plus_1
2.0,1.0,1.0,,n,2.0,1.0,3.0,68.1,60.0,,,,TL,,329.6513921,292.160831,,,,1773.0,3,3,22.7,20.0,1.0,1.0,,,2016,2017,n_to_n_plus_1
1.0,1.0,0.0,dead,n,0.0,0.0,6.0,23.0,0.0,,,,TL,,111.5550879,-8.447833,,,,1774.0,2,0,11.5,0.0,0.0,0.0,,,2016,2017,n_to_n_plus_1
1.0,1.0,0.0,loose tag,n,1.0,1.0,2.0,20.4,30.8,,,,TL,,98.28681361,150.9052575,,,,1775.0,2,2,10.2,15.4,1.0,0.0,,,2016,2017,n_to_n_plus_1
2.0,1.0,0.0,,n,2.0,1.0,4.0,70.2,78.9,,,,TL,,339.2511145,378.4947755,,,,1918.0,3,3,23.4,26.3,1.0,0.0,,,2016,2017,n_to_n_plus_1
4.0,2.0,0.0,flower bud,n,2.0,2.0,4.0,147.0,83.6,,,,TL,,656.3648855,399.3423899,,,,1919.0,6,4,24.5,20.9,1.0,0.0,,,2016,2017,n_to_n_plus_1
1.0,2.0,0.0,,n,2.0,1.0,3.0,72.0,63.6,,,,TL,,347.440103,308.9140987,,,,1920.0,3,3,24.0,21.2,1.0,0.0,,,2016,2017,n_to_n_plus_1
3.0,2.0,0.0,,n,3.0,2.0,5.0,130.5,117.0,,,,TL,,593.81137,540.3613175,,,,1921.0,5,5,26.1,23.4,1.0,0.0,,,2016,2017,n_to_n_plus_1
1.0,1.0,0.0,,n,3.0,1.0,4.0,40.4,89.6,,,,TL,,198.4000264,425.5965441,,,,1922.0,2,4,20.2,22.4,1.0,1.0,,,2016,2017,n_to_n_plus_1
3.0,1.0,1.0,,n,4.0,1.0,5.0,101.2,116.5,,,,TL,,475.2103199,538.342453,,,,1923.0,4,5,25.3,23.3,1.0,1.0,,,2016,2017,n_to_n_plus_1
1.0,2.0,0.0,tag loose,n,3.0,1.0,4.0,63.9,89.2,,,,TL,,310.3036469,423.8588217,,,,1924.0,3,4,21.3,22.3,1.0,0.0,,,2016,2017,n_to_n_plus_1
2.0,1.0,0.0,,n,2.0,1.0,4.0,66.3,81.3,,,,TL,,321.3837136,389.1713038,,,,1925.0,3,3,22.1,27.1,1.0,0.0,,,2016,2017,n_to_n_plus_1
1.0,1.0,0.0,,n,1.0,0.0,2.0,27.6,9.2,,,,TL,,134.8440994,40.26490807,,,,1926.0,2,1,13.8,9.2,1.0,0.0,,,2016,2017,n_to_n_plus_1
3.0,2.0,1.0,,n,4.0,1.0,5.0,115.0,126.0,,,,TL,,532.2690455,576.2216762,,,,1927.0,5,5,23.0,25.2,1.0,2.0,,,2016,2017,n_to_n_plus_1
1.0,2.0,1.0,,n,3.0,1.0,5.0,63.0,100.4,,,,TL,,306.1319759,471.8371048,,,,1928.0,3,4,21.0,25.1,1.0,2.0,,,2016,2017,n_to_n_plus_1
2.0,1.0,0.0,,n,2.0,1.0,3.0,57.0,54.9,,,,TL,,278.0888015,268.1783545,,,,1929.0,3,3,19.0,18.3,1.0,0.0,,,2016,2017,n_to_n_plus_1
2.0,2.0,0.0,,n,2.0,2.0,4.0,80.8,76.0,,,,TL,,386.9523515,365.5078262,,,,1930.0,4,4,20.2,19.0,1.0,0.0,,,2016,2017,n_to_n_plus_1
2.0,2.0,0.0,dead,n,0.0,0.0,6.0,96.4,0.0,,,,TL,,454.863419,-8.447833,,,,1931.0,4,0,24.1,0.0,0.0,0.0,,,2016,2017,n_to_n_plus_1
1.0,2.0,0.0,,n,2.0,1.0,3.0,57.6,52.5,,,,TL,,280.9112782,256.7915986,,,,1932.0,3,3,19.2,17.5,1.0,1.0,,,2016,2017,n_to_n_plus_1
2.0,1.0,0.0,,n,1.0,1.0,2.0,56.7,38.8,,,,TL,,276.6760499,190.5559718,,,,1933.0,3,2,18.9,19.4,1.0,0.0,,,2016,2017,n_to_n_plus_1
1.0,1.0,0.0,,n,0.0,1.0,2.0,37.6,3.7,,,,TL,,184.654099,11.25721634,,,,1934.0,2,1,18.8,3.7,1.0,0.0,,,2016,2017,n_to_n_plus_1
1.0,2.0,0.0,,n,1.0,1.0,2.0,57.0,13.8,,,,TL,,278.0888015,64.26549225,,,,1935.0,3,2,19.0,6.9,1.0,0.0,,,2016,2017,n_to_n_plus_1
2.0,1.0,0.0,,n,2.0,2.0,4.0,55.2,87.6,,,,TL,,269.5971592,416.889997,,,,1936.0,3,4,18.4,21.9,1.0,0.0,,,2016,2017,n_to_n_plus_1
2.0,2.0,1.0,,n,2.0,2.0,4.0,80.8,73.6,,,,TL,,386.9523515,354.6887143,,,,1937.0,4,4,20.2,18.4,1.0,0.0,,,2016,2017,n_to_n_plus_1
2.0,1.0,0.0,loose tag,n,1.0,1.0,2.0,45.9,27.0,,,,TL,,225.1451008,131.8198535,,,,1938.0,3,2,15.3,13.5,1.0,0.0,,,2016,2017,n_to_n_plus_1
2.0,1.0,0.0,,n,2.0,1.0,3.0,64.5,53.4,,,,TL,,313.0797166,261.0691984,,,,1939.0,3,3,21.5,17.8,1.0,0.0,,,2016,2017,n_to_n_plus_1
2.0,1.0,0.0,dead,n,0.0,0.0,6.0,53.4,0.0,,,,TL,,261.0691984,-8.447833,,,,1940.0,3,0,17.8,0.0,0.0,0.0,,,2016,2017,n_to_n_plus_1
1.0,2.0,0.0,,n,1.0,1.0,2.0,54.6,27.8,,,,TL,,266.758541,135.8512846,,,,1941.0,3,2,18.2,13.9,1.0,0.0,,,2016,2017,n_to_n_plus_1
1.0,1.0,0.0,1187 is actually 1189 in field,n,2.0,1.0,3.0,22.4,45.6,,,,TL,,108.4999041,223.6950218,,,,1942.0,2,3,11.2,15.2,1.0,0.0,,,2016,2017,n_to_n_plus_1
1.0,1.0,0.0,,n,2.0,1.0,2.0,29.4,37.8,,,,TL,,143.8926247,185.6388654,,,,1943.0,2,3,14.7,12.6,1.0,0.0,,,2016,2017,n_to_n_plus_1
1.0,2.0,0.0,1 clipped,n,2.0,2.0,3.0,63.0,57.6,,,,TL,,306.1319759,280.9112782,,,,1944.0,3,4,21.0,14.4,1.0,0.0,,,2016,2017,n_to_n_plus_1
2.0,2.0,2.0,,n,0.0,3.0,2.0,93.2,30.6,,,,TL,,441.1553382,149.9047979,,,,1945.0,4,3,23.3,10.2,1.0,1.0,,,2016,2017,n_to_n_plus_1
1.0,2.0,0.0,loose tag,n,2.0,1.0,3.0,60.9,46.5,,,,TL,,296.3627674,228.042232,,,,1946.0,3,3,20.3,15.5,1.0,0.0,,,2016,2017,n_to_n_plus_1
1.0,2.0,0.0,,n,2.0,1.0,3.0,78.3,56.1,,,,TL,,375.8155549,273.8475202,,,,1947.0,3,3,26.1,18.7,1.0,1.0,,,2016,2017,n_to_n_plus_1
1.0,1.0,0.0,,n,2.0,1.0,3.0,27.0,61.2,,,,TL,,131.8198535,297.7613951,,,,1948.0,2,3,13.5,20.4,1.0,0.0,,,2016,2017,n_to_n_plus_1
2.0,1.0,1.0,1 clipped,n,3.0,1.0,4.0,67.2,80.8,,,,TL,,325.5220926,386.9523515,,,,1949.0,3,4,22.4,20.2,1.0,1.0,,,2016,2017,n_to_n_plus_1
2.0,1.0,0.0,,n,2.0,1.0,3.0,64.2,62.1,,,,TL,,311.6921862,301.9512253,,,,1950.0,3,3,21.4,20.7,1.0,0.0,,,2016,2017,n_to_n_plus_1
1.0,1.0,0.0,,n,1.0,0.0,2.0,42.2,8.9,,,,TL,,207.1902871,38.69141367,,,,1951.0,2,1,21.1,8.9,1.0,0.0,,,2016,2017,n_to_n_plus_1
2.0,1.0,0.0,1 clipped,n,3.0,1.0,3.0,74.1,58.8,,,,TL,,356.9480204,286.5441254,,,,1952.0,3,4,24.7,14.7,1.0,0.0,,,2016,2017,n_to_n_plus_1
2.0,1.0,1.0,,n,3.0,1.0,4.0,61.5,75.2,,,,TL,,299.159014,361.9086296,,,,1953.0,3,4,20.5,18.8,1.0,1.0,,,2016,2017,n_to_n_plus_1
2.0,1.0,0.0,dead,n,0.0,0.0,6.0,49.2,0.0,,,,TL,,241.0293849,-8.447833,,,,1954.0,3,0,16.4,0.0,0.0,0.0,,,2016,2017,n_to_n_plus_1
1.0,1.0,0.0,dead,n,0.0,0.0,6.0,55.4,0.0,,,,TL,,270.5424685,-8.447833,,,,1955.0,2,0,27.7,0.0,0.0,0.0,,,2016,2017,n_to_n_plus_1
2.0,1.0,0.0,flower bud,n,1.0,0.0,2.0,56.4,7.3,,,,TL,,275.2622894,30.28240526,,,,1956.0,3,1,18.8,7.3,1.0,0.0,,,2016,2017,n_to_n_plus_1
2.0,1.0,0.0,,n,2.0,2.0,4.0,72.9,74.4,,,,TL,,351.5209778,358.302259,,,,1957.0,3,4,24.3,18.6,1.0,0.0,,,2016,2017,n_to_n_plus_1
1.0,1.0,0.0,,n,1.0,2.0,3.0,43.0,50.4,,,,TL,,211.0854119,246.7752228,,,,1958.0,2,3,21.5,16.8,1.0,0.0,,,2016,2017,n_to_n_plus_1
2.0,1.0,0.0,,n,3.0,1.0,5.0,63.9,100.8,,,,TL,,310.3036469,473.5246091,,,,1959.0,3,4,21.3,25.2,1.0,0.0,,,2016,2017,n_to_n_plus_1
1.0,1.0,0.0,,n,2.0,1.0,4.0,45.6,71.1,,,,TL,,223.6950218,343.3501486,,,,1960.0,2,3,22.8,23.7,1.0,1.0,,,2016,2017,n_to_n_plus_1
1.0,1.0,0.0,,n,3.0,1.0,4.0,43.4,86.4,,,,TL,,213.030284,411.6445466,,,,1961.0,2,4,21.7,21.6,1.0,1.0,,,2016,2017,n_to_n_plus_1
1.0,1.0,0.0,,n,2.0,1.0,3.0,47.0,55.2,,,,TL,,230.4534255,269.5971592,,,,1962.0,2,3,23.5,18.4,1.0,0.0,,,2016,2017,n_to_n_plus_1
1.0,1.0,0.0,,n,2.0,1.0,2.0,33.4,38.7,,,,TL,,163.8704296,190.0647655,,,,1963.0,2,3,16.7,12.9,1.0,0.0,,,2016,2017,n_to_n_plus_1
2.0,1.0,0.0,,n,2.0,1.0,3.0,67.5,55.8,,,,TL,,326.8995346,272.431742,,,,1964.0,3,3,22.5,18.6,1.0,0.0,,,2016,2017,n_to_n_plus_1
1.0,2.0,0.0,,n,2.0,1.0,4.0,84.6,82.8,,,,TL,,403.7461058,395.8113465,,,,1965.0,3,3,28.2,27.6,1.0,1.0,,,2016,2017,n_to_n_plus_1
,,,,,,,,212.5,154.0,A,CF1,1.0,CF,Red,891.4761589250002,698.8763837000001,2022-2024,216.0,185.0,,5,4,42.5,38.5,,,66.5,56.0,2022,2023,n_to_n_plus_1
,,,,,,,,126.0,158.0,B,CF1,1.0,CF,Red,593.1172925000001,713.2674237,2022-2024,216.0,206.0,,4,4,31.5,39.5,,,46.0,56.5,2022,2023,n_to_n_plus_1
,,,,,,,,158.0,160.0,B,CF1,1.0,CF,Red,713.2674237,720.3956873,2022-2024,206.0,195.0,,4,4,39.5,40.0,,,56.5,51.0,2023,2024,n_to_n_plus_1
,,,,,,,,88.5,108.0,C,CF1,1.0,CF,Blue,437.70910812500006,520.4886137,2022-2024,236.0,206.0,,3,3,29.5,36.0,,,33.0,40.0,2022,2023,n_to_n_plus_1
,,,,,,,,140.0,197.5,A,CF2,2.0,CF,Red,647.0953593,845.7486679250001,2022-2024,201.0,222.0,,4,5,35.0,39.5,,,42.5,62.5,2022,2023,n_to_n_plus_1
,,,,,,,,197.5,222.0,A,CF2,2.0,CF,Red,845.7486679250001,919.1324093,2022-2024,222.0,223.0,,5,6,39.5,37.0,,,62.5,70.5,2023,2024,n_to_n_plus_1
,,,,,,,,72.0,72.0,B,CF2,2.0,CF,Blue,364.3357193000001,364.3357193000001,2022-2024,216.0,199.0,,3,4,24.0,18.0,,,30.0,25.0,2022,2023,n_to_n_plus_1
,,,,,,,,72.0,84.0,B,CF2,2.0,CF,Blue,364.3357193000001,418.0008377000001,2022-2024,199.0,223.0,,4,4,18.0,21.0,,,25.0,35.5,2023,2024,n_to_n_plus_1
,,,,,,,,114.0,219.0,C,CF2,2.0,CF,Red,545.1017117,910.5081482000002,2022-2024,236.0,206.0,,4,6,28.5,36.5,,,47.0,60.5,2022,2023,n_to_n_plus_1
,,,,,,,,73.5,142.5,A,CF3,3.0,CF,Blue,371.13213312500005,656.503105925,2022-2024,201.0,213.0,,3,5,24.5,28.5,,,27.5,38.0,2022,2023,n_to_n_plus_1
,,,,,,,,110.0,176.0,C,CF3,3.0,CF,Red,528.7378173,775.8076425,2022-2024,216.0,236.0,,4,4,27.5,44.0,,,33.0,64.5,2022,2023,n_to_n_plus_1
,,,,,,,,176.0,195.0,C,CF3,3.0,CF,Red,775.8076425,837.8822138,2022-2024,236.0,223.0,,4,5,44.0,39.0,,,64.5,62.0,2023,2024,n_to_n_plus_1
,,,,,,,,140.0,177.5,A,CF4,4.0,CF,Yellow,647.0953593,780.855389925,2022-2024,206.0,215.0,,4,5,35.0,35.5,,,45.5,63.5,2023,2024,n_to_n_plus_1
,,,,,,,,141.0,210.0,B,CF4,4.0,CF,Blue,650.866865,884.0300573000001,2022-2024,223.0,213.0,,3,5,47.0,42.0,,,56.0,63.0,2022,2023,n_to_n_plus_1
,,,,,,,,187.5,175.0,A,CF6,6.0,CF,red,813.8624989250001,772.4284658,2022-2024,194.0,236.0,,5,5,37.5,35.0,,,60.0,57.5,2022,2023,n_to_n_plus_1
,,,,,,,,175.0,134.0,A,CF6,6.0,CF,red,772.4284658,624.2309277,2022-2024,236.0,230.0,,5,4,35.0,33.5,,,57.5,50.5,2023,2024,n_to_n_plus_1
,,,,,,,,114.0,132.0,B,CF6,6.0,CF,blue,545.1017117,616.5197753000001,2022-2024,223.0,213.0,,3,4,38.0,33.0,,,42.5,44.0,2022,2023,n_to_n_plus_1
,,,,,,,,225.0,225.0,C,CF6,6.0,CF,red,927.6557858,927.6557858,2022-2024,210.0,206.0,,5,5,45.0,45.0,,,77.0,72.5,2022,2023,n_to_n_plus_1
,,,,,,,,124.0,266.0,A,CF7,7.0,CF,red,585.2267896999999,1034.0310525000002,2022-2024,236.0,222.0,,4,7,31.0,38.0,,,45.0,75.0,2022,2023,n_to_n_plus_1
,,,,,,,,266.0,180.0,A,CF7,7.0,CF,red,1034.0310525000002,789.2122553,2022-2024,222.0,230.0,,7,5,38.0,36.0,,,75.0,60.0,2023,2024,n_to_n_plus_1
,,,,,,,,112.5,186.0,B,CF7,7.0,CF,blue,538.986268925,808.9828925,2022-2024,236.0,206.0,,3,4,37.5,46.5,,,42.5,64.5,2022,2023,n_to_n_plus_1
,,,,,,,,186.0,106.5,B,CF7,7.0,CF,blue,808.9828925,514.272286325,2022-2024,206.0,223.0,,4,3,46.5,35.5,,,64.5,40.5,2023,2024,n_to_n_plus_1
,,,,,,,,165.0,126.0,C,CF7,7.0,CF,red,738.0201818,593.1172925000001,2022-2024,210.0,199.0,,5,4,33.0,31.5,,,46.0,48.0,2022,2023,n_to_n_plus_1
,,,,,,,,138.0,78.0,A,CF9,9.0,CF,blue,639.5187197,391.3700477,2022-2024,201.0,213.0,,4,3,34.5,26.0,,,42.0,35.0,2022,2023,n_to_n_plus_1
,,,,,,,,78.0,19.0,A,CF9,9.0,CF,blue,391.3700477,108.0065882,2022-2024,213.0,136.0,,3,2,26.0,9.5,,,35.0,9.5,2023,2024,n_to_n_plus_1
,,,,,,,,88.5,70.5,B,CF9,9.0,CF,blue,437.70910812500006,357.51408432500006,2022-2024,216.0,199.0,,3,3,29.5,23.5,,,35.5,28.0,2022,2023,n_to_n_plus_1
,,,,,,,,70.5,73.5,B,CF9,9.0,CF,blue,357.51408432500006,371.13213312500005,2022-2024,199.0,215.0,,3,3,23.5,24.5,,,28.0,30.0,2023,2024,n_to_n_plus_1
,,,,,,,,148.0,24.0,C,CF9,9.0,CF,Yellow,676.9535417000001,133.53370970000003,2022-2024,213.0,136.0,,4,3,37.0,8.0,,,46.5,8.0,2023,2024,n_to_n_plus_1
,,,,,,,,109.5,142.0,A,CF10,10.0,CF,blue,526.679719925,654.6271613,2022-2024,223.0,185.0,,3,4,36.5,35.5,,,42.5,48.0,2022,2023,n_to_n_plus_1
,,,,,,,,79.5,108.0,A,SG2,2.0,SG,Yellow,398.0655769250001,520.4886137,2022-2024,224.0,226.0,,3,4,26.5,27.0,,,28.5,31.7,2023,2024,n_to_n_plus_1
,,,,,,,,114.0,81.0,B,SG2,2.0,SG,blue,545.1017117,404.73588500000005,2022-2024,199.0,203.0,,4,3,28.5,27.0,,,41.0,35.5,2022,2023,n_to_n_plus_1
,,,,,,,,81.0,88.5,B,SG2,2.0,SG,blue,404.73588500000005,437.70910812500006,2022-2024,203.0,233.0,,3,3,27.0,29.5,,,35.5,35.5,2023,2024,n_to_n_plus_1
,,,,,,,,132.0,116.0,C,SG2,2.0,SG,blue,616.5197753000001,553.2164025,2022-2024,206.0,224.0,,4,4,33.0,29.0,,,41.0,44.5,2022,2023,n_to_n_plus_1
,,,,,,,,116.0,140.0,C,SG2,2.0,SG,blue,553.2164025,647.0953593,2022-2024,224.0,213.0,,4,4,29.0,35.0,,,44.5,48.0,2023,2024,n_to_n_plus_1
,,,,,,,,75.0,96.0,A,SG3,3.0,SG,red,377.90332580000006,470.05180250000006,2022-2024,199.0,224.0,,3,4,25.0,24.0,,,28.5,35.5,2022,2023,n_to_n_plus_1
,,,,,,,,96.0,72.0,A,SG3,3.0,SG,red,470.05180250000006,364.3357193000001,2022-2024,224.0,213.0,,4,3,24.0,24.0,,,35.5,28.5,2023,2024,n_to_n_plus_1
,,,,,,,,58.5,94.0,B,SG3,3.0,SG,red,302.03304312500006,461.4887357,2022-2024,214.0,217.0,,3,4,19.5,23.5,,,25.5,34.5,2022,2023,n_to_n_plus_1
,,,,,,,,94.0,104.0,B,SG3,3.0,SG,red,461.4887357,503.8556937000001,2022-2024,217.0,213.0,,4,4,23.5,26.0,,,34.5,36.5,2023,2024,n_to_n_plus_1
,,,,,,,,105.0,148.0,C,SG3,3.0,SG,red,508.0307378,676.9535417000001,2022-2024,214.0,217.0,,3,4,35.0,37.0,,,41.5,51.5,2022,2023,n_to_n_plus_1
,,,,,,,,148.0,152.0,C,SG3,3.0,SG,red,676.9535417000001,691.6136073,2022-2024,217.0,233.0,,4,4,37.0,38.0,,,51.5,53.0,2023,2024,n_to_n_plus_1
,,,,,,,,116.0,135.0,A,SG5,5.0,SG,red,553.2164025,628.0696898,2022-2024,206.0,210.0,,4,5,29.0,27.0,,,37.0,43.0,2022,2023,n_to_n_plus_1
,,,,,,,,78.0,70.5,B,SG5,5.0,SG,red,391.3700477,357.51408432500006,2022-2024,222.0,196.0,,3,3,26.0,23.5,,,30.0,26.5,2022,2023,n_to_n_plus_1
,,,,,,,,70.5,73.5,B,SG5,5.0,SG,red,357.51408432500006,371.13213312500005,2022-2024,196.0,233.0,,3,3,23.5,24.5,,,26.5,30.5,2023,2024,n_to_n_plus_1
,,,,,,,,106.0,102.0,C,SG5,5.0,SG,red,512.1945725,495.4719773,2022-2024,206.0,203.0,,4,4,26.5,25.5,,,34.0,35.5,2022,2023,n_to_n_plus_1
,,,,,,,,115.0,102.0,A,SG10,10.0,SG,Red,549.1646618000001,495.4719773,2022-2024,222.0,203.0,,5,4,23.0,25.5,,,43.5,33.0,2022,2023,n_to_n_plus_1
,,,,,,,,120.0,110.0,B,SG10,10.0,SG,Blue,569.3112713,528.7378173,2022-2024,199.0,217.0,,4,4,30.0,27.5,,,39.5,40.5,2022,2023,n_to_n_plus_1
,,,,,,,,110.0,112.0,B,SG10,10.0,SG,Blue,528.7378173,536.9421833,2022-2024,217.0,213.0,,4,4,27.5,28.0,,,40.5,38.0,2023,2024,n_to_n_plus_1
,,,,,,,,82.0,77.5,C,SG10,10.0,SG,Blue,409.16874530000007,389.132599925,2022-2024,206.0,203.0,,4,5,20.5,15.5,,,30.0,26.0,2022,2023,n_to_n_plus_1
,,,,,,,,78.0,116.0,A,SG11,11.0,SG,blue,391.3700477,553.2164025,2022-2024,206.0,217.0,,3,4,26.0,29.0,,,31.0,40.0,2022,2023,n_to_n_plus_1
,,,,,,,,116.0,120.0,A,SG11,11.0,SG,blue,553.2164025,569.3112713,2022-2024,217.0,233.0,,4,4,29.0,30.0,,,40.0,42.5,2023,2024,n_to_n_plus_1
,,,,,,,,116.0,124.0,B,SG11,11.0,SG,blue,553.2164025,585.2267896999999,2022-2024,222.0,203.0,,4,4,29.0,31.0,,,42.5,46.5,2022,2023,n_to_n_plus_1
,,,,,,,,90.0,125.0,C,SG11,11.0,SG,red,444.2280893,589.1776458,2022-2024,214.0,210.0,,4,5,22.5,25.0,,,37.5,43.0,2022,2023,n_to_n_plus_1
,,,,,,,,125.0,140.0,C,SG11,11.0,SG,red,589.1776458,647.0953593,2022-2024,210.0,219.0,,5,5,25.0,28.0,,,43.0,46.0,2023,2024,n_to_n_plus_1
,,,,,,,,68.0,86.0,A,SG14,14.0,SG,Red,346.08864570000003,426.78809250000006,2022-2024,206.0,210.0,,4,4,17.0,21.5,,,25.0,29.0,2022,2023,n_to_n_plus_1
,,,,,,,,86.0,98.0,A,SG14,14.0,SG,Red,426.78809250000006,478.5700317,2022-2024,210.0,233.0,,4,4,21.5,24.5,,,29.0,31.0,2023,2024,n_to_n_plus_1
,,,,,,,,137.5,172.5,B,SG14,14.0,SG,Red,637.617553925,763.9314829250001,2022-2024,222.0,234.0,,5,5,27.5,34.5,,,40.0,51.5,2022,2023,n_to_n_plus_1
,,,,,,,,50.0,75.0,C,SG14,14.0,SG,Blue,261.75735330000003,377.90332580000006,2022-2024,214.0,217.0,,4,5,12.5,15.0,,,19.0,24.0,2022,2023,n_to_n_plus_1
,,,,,,,,75.0,52.0,C,SG14,14.0,SG,Blue,377.90332580000006,271.3068473000001,2022-2024,217.0,213.0,,5,4,15.0,13.0,,,24.0,16.5,2023,2024,n_to_n_plus_1
,,,,,,,,87.0,86.0,A,SG17,17.0,SG,blue,431.1649058,426.78809250000006,2022-2024,199.0,234.0,,3,4,29.0,21.5,,,36.0,33.0,2022,2023,n_to_n_plus_1
,,,,,,,,86.0,102.0,A,SG17,17.0,SG,blue,426.78809250000006,495.4719773,2022-2024,234.0,194.0,,4,4,21.5,25.5,,,33.0,35.0,2023,2024,n_to_n_plus_1
,,,,,,,,39.0,39.0,B,SG17,17.0,SG,red,208.4336642,208.4336642,2022-2024,185.0,217.0,,3,3,13.0,13.0,,,17.0,15.0,2022,2023,n_to_n_plus_1
,,,,,,,,39.0,42.0,B,SG17,17.0,SG,red,208.4336642,223.11100130000003,2022-2024,217.0,219.0,,3,3,13.0,14.0,,,15.0,17.5,2023,2024,n_to_n_plus_1
,,,,,,,,116.0,126.0,C,SG17,17.0,SG,red,553.2164025,593.1172925000001,2022-2024,199.0,210.0,,4,4,29.0,31.5,,,39.5,48.5,2022,2023,n_to_n_plus_1
,,,,,,,,126.0,97.5,C,SG17,17.0,SG,red,593.1172925000001,476.444677925,2022-2024,210.0,205.0,,4,3,31.5,32.5,,,48.5,37.5,2023,2024,n_to_n_plus_1
,,,,,,,,130.0,170.0,A,SG19,19.0,SG,blue,608.7637853,755.3644413000001,2022-2024,232.0,217.0,,4,5,32.5,34.0,,,46.0,58.5,2022,2023,n_to_n_plus_1
,,,,,,,,170.0,146.0,A,SG19,19.0,SG,blue,755.3644413000001,669.5562525,2022-2024,217.0,226.0,,5,4,34.0,36.5,,,58.5,52.0,2023,2024,n_to_n_plus_1
,,,,,,,,118.0,175.0,B,SG19,19.0,SG,red,561.2862557000001,772.4284658,2022-2024,222.0,224.0,,4,5,29.5,35.0,,,41.5,58.5,2022,2023,n_to_n_plus_1
,,,,,,,,48.0,44.0,C,SG19,19.0,SG,red,252.1630217000001,232.8398457,2022-2024,214.0,217.0,,3,4,16.0,11.0,,,21.0,16.5,2022,2023,n_to_n_plus_1
,,,,,,,,44.0,39.0,C,SG19,19.0,SG,red,232.8398457,208.4336642,2022-2024,217.0,186.0,,4,3,11.0,13.0,,,16.5,16.0,2023,2024,n_to_n_plus_1
,,,,,,,,137.5,106.0,A,TL2,2.0,TL,red,637.617553925,512.1945725,2022-2024,220.0,201.0,,5,4,27.5,26.5,,,45.5,43.0,2022,2023,n_to_n_plus_1
,,,,,,,,62.0,68.0,B,TL2,2.0,TL,red,318.3817533,346.08864570000003,2022-2024,215.0,221.0,,4,4,15.5,17.0,,,20.5,22.5,2022,2023,n_to_n_plus_1
,,,,,,,,68.0,33.0,B,TL2,2.0,TL,red,346.08864570000003,178.77633620000003,2022-2024,221.0,206.0,,4,3,17.0,11.0,,,22.5,14.0,2023,2024,n_to_n_plus_1
,,,,,,,,46.5,49.5,C,TL2,2.0,TL,yellow,244.937848325,259.362973925,2022-2024,202.0,221.0,,3,3,15.5,16.5,,,20.0,22.0,2022,2023,n_to_n_plus_1
,,,,,,,,49.5,64.0,C,TL2,2.0,TL,yellow,259.362973925,327.66222170000003,2022-2024,221.0,213.0,,3,4,16.5,16.0,,,22.0,23.5,2023,2024,n_to_n_plus_1
,,,,,,,,80.0,58.5,A,TL4,4.0,TL,yellow,400.29181530000005,302.03304312500006,2022-2024,208.0,201.0,,4,3,20.0,19.5,,,27.0,23.5,2023,2024,n_to_n_plus_1
,,,,,,,,39.0,25.5,B,TL4,4.0,TL,blue,208.4336642,141.137200325,2022-2024,215.0,213.0,,3,3,13.0,8.5,,,15.0,10.0,2023,2024,n_to_n_plus_1
,,,,,,,,48.0,24.0,C,TL4,4.0,TL,blue,252.1630217000001,133.53370970000003,2022-2024,215.0,201.0,,3,2,16.0,12.0,,,19.5,12.0,2023,2024,n_to_n_plus_1
,,,,,,,,118.0,93.0,A,TL5,5.0,TL,red,561.2862557000001,457.1903882,2022-2024,201.0,213.0,,4,3,29.5,31.0,,,38.0,40.0,2023,2024,n_to_n_plus_1
,,,,,,,,87.5,84.0,C,TL5,5.0,TL,yellow,433.34910892500005,418.0008377000001,2022-2024,215.0,201.0,,5,4,17.5,21.0,,,27.5,35.5,2023,2024,n_to_n_plus_1
,,,,,,,,102.0,82.0,A,TL8,8.0,TL,Yellow,495.4719773,409.16874530000007,2022-2024,192.0,208.0,,4,4,25.5,20.5,,,34.5,30.5,2022,2023,n_to_n_plus_1
,,,,,,,,43.5,74.0,B,TL8,8.0,TL,Yellow,230.411838125,373.3919997,2022-2024,192.0,215.0,,3,4,14.5,18.5,,,18.5,24.5,2022,2023,n_to_n_plus_1
,,,,,,,,74.0,60.0,B,TL8,8.0,TL,Yellow,373.3919997,309.05644730000006,2022-2024,215.0,206.0,,4,3,18.5,20.0,,,24.5,24.0,2023,2024,n_to_n_plus_1
,,,,,,,,127.5,128.0,C,TL8,8.0,TL,Yellow,599.005744925,600.9629577000001,2022-2024,220.0,215.0,,3,4,42.5,32.0,,,54.5,47.5,2022,2023,n_to_n_plus_1
,,,,,,,,128.0,102.0,C,TL8,8.0,TL,Yellow,600.9629577000001,495.4719773,2022-2024,215.0,192.0,,4,3,32.0,34.0,,,47.5,44.0,2023,2024,n_to_n_plus_1
,,,,,,,,117.5,88.0,A,TL10,10.0,TL,yellow,559.272995925,435.5305097000001,2022-2024,215.0,192.0,,5,4,23.5,22.0,,,37.5,31.5,2023,2024,n_to_n_plus_1
,,,,,,,,85.0,54.0,C,TL10,10.0,TL,blue,422.4000698,280.81150370000006,2022-2024,228.0,220.0,,5,4,17.0,13.5,,,28.0,19.5,2023,2024,n_to_n_plus_1
,,,,,,,,45.0,68.0,A,TL13,13.0,TL,Red,237.6874538,346.08864570000003,2022-2024,215.0,227.0,,3,4,15.0,17.0,,,19.0,24.0,2023,2024,n_to_n_plus_1
,,,,,,,,82.5,66.0,B,TL13,13.0,TL,Blue2,411.3809719250001,336.89785250000006,2022-2024,215.0,206.0,,5,4,16.5,16.5,,,29.0,24.5,2023,2024,n_to_n_plus_1
,,,,,,,,78.0,48.0,C,TL13,13.0,TL,Blue,391.3700477,252.1630217000001,2022-2024,221.0,206.0,,4,3,19.5,16.0,,,29.0,21.0,2023,2024,n_to_n_plus_1
,,,,,,,,157.5,155.0,A,TL17,17.0,TL,blue,711.4783519250001,702.4909577999999,2022-2024,211.0,221.0,,5,5,31.5,31.0,,,46.5,52.0,2022,2023,n_to_n_plus_1
,,,,,,,,155.0,157.5,A,TL17,17.0,TL,blue,702.4909577999999,711.4783519250001,2022-2024,221.0,192.0,,5,5,31.0,31.5,,,52.0,50.5,2023,2024,n_to_n_plus_1
,,,,,,,,60.0,64.0,B,TL17,17.0,TL,yellow2,309.05644730000006,327.66222170000003,2022-2024,215.0,213.0,,4,4,15.0,16.0,,,21.0,23.5,2023,2024,n_to_n_plus_1
,,,,,,,,118.0,137.5,C,TL17,17.0,TL,yellow,561.2862557000001,637.617553925,2022-2024,215.0,215.0,,4,5,29.5,27.5,,,42.0,46.0,2022,2023,n_to_n_plus_1
,,,,,,,,137.5,120.0,C,TL17,17.0,TL,yellow,637.617553925,569.3112713,2022-2024,215.0,192.0,,5,5,27.5,24.0,,,46.0,41.0,2023,2024,n_to_n_plus_1
,,,,,,,,118.0,142.5,A,TL19,19.0,TL,red,561.2862557000001,656.503105925,2022-2024,215.0,208.0,,4,5,29.5,28.5,,,41.5,44.5,2022,2023,n_to_n_plus_1
,,,,,,,,142.5,96.0,A,TL19,19.0,TL,red,656.503105925,470.05180250000006,2022-2024,208.0,184.0,,5,4,28.5,24.0,,,44.5,39.0,2023,2024,n_to_n_plus_1
,,,,,,,,182.5,165.0,B,TL19,19.0,TL,blue,797.4990619250001,738.0201818,2022-2024,215.0,221.0,,5,6,36.5,27.5,,,63.5,55.0,2022,2023,n_to_n_plus_1
,,,,,,,,165.0,92.0,B,TL19,19.0,TL,blue,738.0201818,452.88083130000007,2022-2024,221.0,227.0,,6,4,27.5,23.0,,,55.0,36.0,2023,2024,n_to_n_plus_1
,,,,,,,,99.0,152.5,C,TL19,19.0,TL,blue,482.8123322,693.4335049250001,2022-2024,215.0,228.0,,3,5,33.0,30.5,,,42.0,55.5,2022,2023,n_to_n_plus_1
,,,,,,,,152.5,100.0,C,TL19,19.0,TL,blue,693.4335049250001,487.0434233,2022-2024,228.0,192.0,,5,4,30.5,25.0,,,55.5,38.0,2023,2024,n_to_n_plus_1
